epoch,train_loss,lr,val_loss,macro_f1,top1,seconds
1,1.3654233795462898,9.878419452887538e-05,0.4645826847118774,0.8595232199911166,0.8851756640959726,66.78510666900002
2,1.16556074399969,9.707468950689491e-05,0.35700611875282634,0.8874801013897776,0.9085975435589831,66.65456850099872
3,1.0739842621715463,8.850604212369255e-05,0.31972210445052657,0.9000727043570094,0.9265924021708083,66.42592387399964
4,1.0197763547206218,7.527514497340642e-05,0.2499343539452219,0.9359264253994222,0.950014281633819,66.49357360400063
5,0.979119542076206,5.8995692317915575e-05,0.2682475409263272,0.9265173758939095,0.93887460725507,66.3181663510004
6,0.9437681397827747,4.163122640660508e-05,0.19533901042136012,0.9592337939857719,0.9697229363039132,66.4156824670008
7,0.9007684094442003,2.5276158100602065e-05,0.17861206848701044,0.9611836014947721,0.9705798343330477,66.50226789699991
8,0.8824403014435971,1.1903150012711528e-05,0.17365501240061815,0.9673280655266157,0.9751499571550986,66.35898813300082
9,0.8760395535468238,3.1251842829125244e-06,0.16367131036644286,0.9715445082972016,0.9782919165952585,66.28396782800155
10,0.8620069411956359,1.0131271956370647e-09,0.1626536116382797,0.9707363763470833,0.9777206512425022,66.3990670359999
